Date (GMT);VOC (ppm);Temperature (C);Humidity (%);Pressure (mbar);Latitude;Longitude;PM1 (ug/m3);PM2.5 (ug/m3);PM10 (ug/m3)
2023-11-29T05:38:00.000Z;1.485;15.0;19.0;954.3;36.1485468;-115.1091889;;;
2023-11-29T05:37:00.000Z;1.366;15.0;19.0;954.3;36.1485468;-115.1091889;;;
2023-11-29T05:36:00.000Z;1.763;15.0;19.0;954.3;36.1485468;-115.1091889;1.0;1.7;3.2
2023-11-29T05:35:00.000Z;1.855;15.0;19.0;954.3;36.1485468;-115.1091889;;;
2023-11-29T05:34:00.000Z;1.834;15.0;19.0;954.3;36.1485468;-115.1091889;;;
2023-11-29T05:33:00.000Z;1.814;15.0;19.0;954.3;36.1485468;-115.1091889;;;
2023-11-29T05:32:00.000Z;1.778;15.0;19.0;954.3;36.1485468;-115.1091889;;;
2023-11-29T05:31:00.000Z;1.772;15.0;19.0;954.4;36.1485468;-115.1091889;;;
2023-11-29T05:30:00.000Z;1.73;15.0;19.0;954.4;36.1485468;-115.1091889;;;
2023-11-29T05:29:00.000Z;1.673;15.0;19.0;954.3;36.1485463;-115.1091708;;;
2023-11-29T05:28:00.000Z;1.621;15.0;19.0;954.4;36.1485511;-115.1091528;;;
2023-11-29T05:27:00.000Z;1.488;15.0;19.0;954.3;36.1485577;-115.1091432;;;
2023-11-29T05:26:00.000Z;1.347;15.0;19.0;954.4;36.1485528;-115.1091513;;;
2023-11-29T05:25:00.000Z;1.354;14.0;18.0;953.1;36.1485528;-115.1091513;;;
2023-11-29T05:24:00.000Z;1.396;15.0;19.0;954.39;36.1485528;-115.1091513;1.0;1.0;2.0
2023-11-29T05:23:00.000Z;1.854;15.0;19.0;954.49;36.1485528;-115.1091513;1.0;1.0;2.0
2023-11-29T05:22:00.000Z;1.853;15.0;19.0;954.52;36.1485528;-115.1091513;1.0;1.0;3.0
2023-11-29T04:23:00.000Z;1.749;14.0;18.0;953.1;36.1667354;-115.1065699;;;
2023-11-29T04:22:00.000Z;1.688;14.0;18.0;953.1;36.1667354;-115.1065699;;;
2023-11-29T04:21:00.000Z;1.578;14.0;18.0;953.5;36.1667354;-115.1065699;;;
2023-11-29T04:20:00.000Z;1.442;13.0;19.0;954.2;36.1667354;-115.1065699;;;
2023-11-29T04:19:00.000Z;1.405;13.0;19.0;955.1;36.1667354;-115.1065699;3.0;4.0;5.0
2023-11-29T04:18:00.000Z;1.663;13.0;19.0;955.4;36.1667354;-115.1065699;;;
2023-11-29T04:17:00.000Z;1.569;13.0;19.0;955.3;36.1667354;-115.1065699;;;
2023-11-29T04:16:00.000Z;1.578;13.0;19.0;955.4;36.1667354;-115.1065699;;;
2023-11-29T04:15:00.000Z;1.502;13.0;20.0;955.7;36.1667354;-115.1065699;;;
2023-11-29T04:14:00.000Z;1.475;13.0;20.0;956.1;36.1667354;-115.1065699;;;
2023-11-29T04:13:00.000Z;1.417;13.0;20.0;955.8;36.1732417;-115.1070507;;;
2023-11-29T04:12:00.000Z;1.343;13.0;20.0;956.1;36.1734353;-115.1062807;;;
2023-11-29T04:11:00.000Z;1.235;13.0;20.0;955.8;36.1959009;-115.1029518;;;
2023-11-29T04:10:00.000Z;1.133;13.0;20.0;955.5;36.1959009;-115.1029518;;;
2023-11-29T04:09:00.000Z;0.969;13.0;20.0;955.6;36.1959009;-115.1029518;;;
2023-11-29T04:08:00.000Z;0.931;13.0;20.0;955.7;36.1959009;-115.1029518;10.0;18.0;25.0
2023-11-29T04:07:00.000Z;1.244;13.0;22.0;955.6;36.1959009;-115.1029518;;;
2023-11-29T04:06:00.000Z;1.157;13.0;24.0;955.6;36.196;-115.1018739;;;
2023-11-29T04:05:00.000Z;0.904;13.0;31.0;955.6;36.1960455;-115.1019145;;;
2023-11-29T04:04:00.000Z;0.832;13.0;24.0;955.6;36.1956429;-115.1005731;;;
2023-11-29T04:03:00.000Z;0.784;13.0;24.0;955.6;36.1956429;-115.1005731;;;
2023-11-29T04:02:00.000Z;0.719;12.0;26.0;955.6;36.1956429;-115.1005731;;;
2023-11-29T04:01:00.000Z;0.648;12.0;27.0;955.6;36.1956429;-115.1005731;;;
2023-11-29T04:00:00.000Z;0.63;12.0;26.0;955.6;36.1956429;-115.1005731;;;
2023-11-29T03:59:00.000Z;0.617;12.0;25.0;955.7;36.1956429;-115.1005731;;;
2023-11-29T03:58:00.000Z;0.491;12.0;26.0;955.7;36.1956429;-115.1005731;;;
2023-11-29T03:57:00.000Z;0.684;11.0;28.0;955.6;36.1956429;-115.1005731;12.0;14.0;15.0
2023-11-29T03:56:00.000Z;1.097;11.0;27.0;955.7;36.1956429;-115.1005731;;;
2023-11-29T03:55:00.000Z;0.916;11.0;26.0;955.6;36.1956429;-115.1005731;;;
2023-11-29T03:54:00.000Z;0.858;11.0;27.0;955.7;36.1956429;-115.1005731;;;
2023-11-29T03:53:00.000Z;0.785;10.0;28.0;955.7;36.1956429;-115.1005731;;;
2023-11-29T03:52:00.000Z;0.588;10.0;27.0;955.6;36.1956429;-115.1005731;;;
2023-11-29T03:51:00.000Z;0.351;10.0;25.0;955.6;36.1956429;-115.1005731;;;
2023-11-29T03:50:00.000Z;0.328;10.0;25.0;955.6;36.1956429;-115.1005731;;;
2023-11-29T03:49:00.000Z;0.284;10.0;25.0;955.6;36.1956429;-115.1005731;;;
2023-11-29T03:48:00.000Z;0.3;10.0;25.0;955.5;36.1956429;-115.1005731;;;
2023-11-29T03:47:00.000Z;0.294;10.0;25.0;955.6;36.1956429;-115.1005731;;;
2023-11-29T03:46:00.000Z;0.329;10.0;26.0;955.7;36.1956429;-115.1005731;24.0;27.0;28.0
2023-11-29T03:45:00.000Z;0.524;10.0;25.0;955.7;36.1956429;-115.1005731;;;
2023-11-29T03:44:00.000Z;0.594;10.0;27.0;955.8;36.1964002;-115.1010873;;;
2023-11-29T03:43:00.000Z;0.635;10.0;24.0;955.6;36.1964441;-115.1010006;;;
2023-11-29T03:42:00.000Z;0.732;10.0;24.0;955.7;36.1964323;-115.1010116;;;
2023-11-29T03:41:00.000Z;0.86;10.0;25.0;955.7;36.1964296;-115.1013952;;;
2023-11-29T03:40:00.000Z;0.815;10.0;25.0;955.7;36.1964526;-115.1011021;;;
2023-11-29T03:39:00.000Z;0.585;10.0;25.0;955.7;36.1964526;-115.1011021;;;
2023-11-29T03:38:00.000Z;0.575;10.0;26.0;955.7;36.1964526;-115.1011021;;;
2023-11-29T03:37:00.000Z;0.403;10.0;25.0;955.7;36.1964526;-115.1011021;;;
2023-11-29T03:36:00.000Z;0.286;10.0;25.0;955.7;36.1964526;-115.1011021;;;
2023-11-29T03:35:00.000Z;0.286;10.0;25.0;955.7;36.1964526;-115.1011021;;;
2023-11-29T03:34:00.000Z;0.335;10.0;24.0;955.8;36.1964526;-115.1011021;17.0;20.0;21.0
2023-11-29T03:33:00.000Z;0.306;10.0;24.0;955.7;36.1964526;-115.1011021;;;
2023-11-29T03:32:00.000Z;0.324;10.0;24.0;955.7;36.1956964;-115.1018613;;;
2023-11-29T03:31:00.000Z;0.327;10.0;24.0;955.7;36.1955959;-115.1006667;;;
2023-11-29T03:30:00.000Z;0.333;10.0;24.0;955.7;36.1955259;-115.1007832;;;
2023-11-29T03:29:00.000Z;0.365;10.0;25.0;955.8;36.1955259;-115.1007832;;;
2023-11-29T03:28:00.000Z;0.342;10.0;26.0;955.7;36.1955259;-115.1007832;;;
2023-11-29T03:27:00.000Z;0.43;10.0;25.0;955.8;36.1955259;-115.1007832;;;
2023-11-29T03:26:00.000Z;0.392;11.0;22.0;955.7;36.1963452;-115.1012908;;;
2023-11-29T03:25:00.000Z;0.32;11.0;23.0;955.7;36.1964659;-115.1010238;;;
2023-11-29T03:24:00.000Z;0.302;10.0;24.0;955.8;36.1964534;-115.1009341;;;
2023-11-29T03:23:00.000Z;0.403;10.0;24.0;955.7;36.1960176;-115.101835;14.0;16.0;18.0
2023-11-29T03:22:00.000Z;0.382;10.0;23.0;955.7;36.1960176;-115.101835;;;
2023-11-29T03:21:00.000Z;0.365;11.0;22.0;955.7;36.1960176;-115.101835;;;
2023-11-29T03:20:00.000Z;0.299;11.0;22.0;955.9;36.1960176;-115.101835;;;
2023-11-29T03:19:00.000Z;0.346;11.0;22.0;955.7;36.1961318;-115.1017488;;;
2023-11-29T03:18:00.000Z;0.351;11.0;22.0;955.8;36.1961318;-115.1017488;;;
2023-11-29T03:17:00.000Z;0.283;11.0;22.0;955.7;36.1961318;-115.1017488;;;
2023-11-29T03:16:00.000Z;0.236;11.0;22.0;955.8;36.1961318;-115.1017488;;;
2023-11-29T03:15:00.000Z;0.269;11.0;22.0;955.7;36.1961318;-115.1017488;;;
2023-11-29T03:14:00.000Z;0.242;11.0;22.0;955.8;36.1961318;-115.1017488;;;
2023-11-29T03:13:00.000Z;0.211;11.0;22.0;955.7;36.1961318;-115.1017488;;;
2023-11-29T03:12:00.000Z;0.241;11.0;22.0;955.8;36.1961318;-115.1017488;12.0;15.0;17.0
2023-11-29T03:11:00.000Z;0.257;11.0;22.0;955.8;36.1961318;-115.1017488;;;
2023-11-29T03:10:00.000Z;0.27;11.0;22.0;955.8;36.1961318;-115.1017488;;;
2023-11-29T03:09:00.000Z;0.3;11.0;22.0;955.8;36.1961318;-115.1017488;;;
2023-11-29T03:08:00.000Z;0.302;11.0;22.0;955.8;36.1961318;-115.1017488;;;
2023-11-29T03:07:00.000Z;0.314;11.0;22.0;955.8;36.1964189;-115.1009334;;;
2023-11-29T03:06:00.000Z;0.264;11.0;22.0;956.0;36.1964189;-115.1009334;;;
2023-11-29T03:05:00.000Z;0.264;11.0;22.0;955.85;36.1964189;-115.1009334;11.0;12.0;14.0
2023-11-29T03:04:00.000Z;0.26;11.0;22.0;955.86;36.1964189;-115.1009334;11.0;12.0;14.0
2023-11-29T03:03:00.000Z;0.238;11.0;22.0;955.84;36.1964189;-115.1009334;11.0;12.0;14.0
2023-11-29T02:57:00.000Z;0.254;11.0;22.0;955.8;36.1964189;-115.1009334;;;
2023-11-29T02:56:00.000Z;0.234;11.0;22.0;955.9;36.1964189;-115.1009334;;;
2023-11-29T02:55:00.000Z;0.227;11.0;22.0;955.8;36.1964189;-115.1009334;;;
2023-11-29T02:54:00.000Z;0.224;12.0;21.0;955.9;36.1964189;-115.1009334;;;
2023-11-29T02:53:00.000Z;0.216;12.0;20.0;955.9;36.1956215;-115.1006301;;;
2023-11-29T02:52:00.000Z;0.225;12.0;20.0;955.8;36.1956215;-115.1006301;;;
2023-11-29T02:51:00.000Z;0.232;11.0;22.0;955.9;36.1956215;-115.1006301;;;
2023-11-29T02:50:00.000Z;0.289;11.0;21.0;955.9;36.1956215;-115.1006301;10.0;12.0;13.0
2023-11-29T02:49:00.000Z;0.317;11.0;21.0;955.9;36.1956215;-115.1006301;;;
2023-11-29T02:48:00.000Z;0.347;12.0;20.0;955.8;36.1956215;-115.1006301;;;
2023-11-29T02:47:00.000Z;0.337;12.0;20.0;955.8;36.1956215;-115.1006301;;;
2023-11-29T02:46:00.000Z;0.53;12.0;20.0;955.8;36.1964532;-115.1011141;;;
2023-11-29T02:45:00.000Z;0.411;12.0;20.0;955.9;36.196377;-115.1008901;;;
2023-11-29T02:44:00.000Z;0.353;12.0;20.0;955.8;36.1964447;-115.1008738;;;
2023-11-29T02:43:00.000Z;0.286;12.0;20.0;955.9;36.1963528;-115.1009454;;;
2023-11-29T02:42:00.000Z;0.287;12.0;20.0;955.8;36.1956273;-115.100629;;;
2023-11-29T02:41:00.000Z;0.278;12.0;20.0;955.8;36.1964319;-115.1011494;;;
2023-11-29T02:40:00.000Z;0.254;12.0;20.0;955.9;36.1964319;-115.1011494;;;
2023-11-29T02:39:00.000Z;0.332;12.0;20.0;955.8;36.1964319;-115.1011494;9.0;11.0;12.0
2023-11-29T02:38:00.000Z;0.37;12.0;20.0;955.8;36.1964319;-115.1011494;;;
2023-11-29T02:37:00.000Z;0.491;12.0;20.0;955.7;36.1964319;-115.1011494;;;
2023-11-29T02:36:00.000Z;0.654;12.0;20.0;955.7;36.1964319;-115.1011494;;;
2023-11-29T02:35:00.000Z;0.554;12.0;20.0;955.8;36.1964319;-115.1011494;;;
2023-11-29T02:34:00.000Z;0.653;12.0;20.0;955.7;36.1964319;-115.1011494;;;
2023-11-29T02:33:00.000Z;0.625;12.0;21.0;955.8;36.195611;-115.1011519;;;
2023-11-29T02:32:00.000Z;0.645;12.0;21.0;955.7;36.1964087;-115.1011069;;;
2023-11-29T02:31:00.000Z;0.549;12.0;21.0;955.8;36.1964421;-115.1009228;;;
2023-11-29T02:30:00.000Z;0.299;12.0;21.0;955.7;36.1964421;-115.1009228;;;
2023-11-29T02:29:00.000Z;0.297;12.0;22.0;955.8;36.1964421;-115.1009228;;;
2023-11-29T02:28:00.000Z;0.643;11.0;23.0;955.7;36.1964421;-115.1009228;14.0;15.0;17.0
2023-11-29T02:27:00.000Z;0.77;12.0;23.0;955.7;36.1964421;-115.1009228;;;
2023-11-29T02:26:00.000Z;0.256;12.0;21.0;955.7;36.1964421;-115.1009228;;;
2023-11-29T02:25:00.000Z;0.255;12.0;21.0;955.8;36.1964421;-115.1009228;;;
2023-11-29T02:24:00.000Z;0.26;12.0;21.0;955.7;36.1964484;-115.1025249;;;
2023-11-29T02:23:00.000Z;0.27;12.0;21.0;955.8;36.1964484;-115.1025249;;;
2023-11-29T02:22:00.000Z;0.291;12.0;21.0;955.8;36.1964484;-115.1025249;;;
2023-11-29T02:21:00.000Z;0.302;12.0;21.0;955.7;36.1964484;-115.1025249;;;
2023-11-29T02:20:00.000Z;0.257;12.0;21.0;955.7;36.1964484;-115.1025249;;;
2023-11-29T02:19:00.000Z;0.223;12.0;21.0;955.7;36.1964484;-115.1025249;;;
2023-11-29T02:18:00.000Z;0.186;12.0;21.0;955.7;36.1964484;-115.1025249;;;
2023-11-29T02:17:00.000Z;0.236;12.0;21.0;955.8;36.1964484;-115.1025249;10.0;12.0;14.0
2023-11-29T02:16:00.000Z;0.207;12.0;21.0;955.8;36.1964484;-115.1025249;;;
2023-11-29T02:15:00.000Z;0.214;12.0;21.0;955.7;36.1964484;-115.1025249;;;
2023-11-29T02:14:00.000Z;0.215;12.0;21.0;955.7;36.1964484;-115.1025249;;;
2023-11-29T02:13:00.000Z;0.236;12.0;21.0;955.7;36.1964484;-115.1025249;;;
2023-11-29T02:12:00.000Z;0.255;12.0;21.0;955.7;36.1964484;-115.1025249;;;
2023-11-29T02:11:00.000Z;0.194;12.0;21.0;955.7;36.1964484;-115.1025249;;;
2023-11-29T02:10:00.000Z;0.192;12.0;21.0;955.6;36.1964484;-115.1025249;;;
2023-11-29T02:09:00.000Z;0.166;13.0;20.0;955.7;36.1964484;-115.1025249;;;
2023-11-29T02:08:00.000Z;0.168;13.0;20.0;955.7;36.1964484;-115.1025249;;;
2023-11-29T02:07:00.000Z;0.21;12.0;22.0;955.7;36.1964484;-115.1025249;;;
2023-11-29T02:06:00.000Z;0.227;12.0;21.0;955.7;36.1965296;-115.1026688;9.0;12.0;13.0
2023-11-29T02:05:00.000Z;0.231;13.0;20.0;955.7;36.1965296;-115.1026688;;;
2023-11-29T02:04:00.000Z;0.151;13.0;20.0;955.7;36.1965296;-115.1026688;;;
2023-11-29T02:03:00.000Z;0.172;13.0;20.0;955.7;36.1965296;-115.1026688;;;
2023-11-29T02:02:00.000Z;0.151;13.0;21.0;955.7;36.1965296;-115.1026688;;;
2023-11-29T02:01:00.000Z;0.126;13.0;20.0;955.7;36.1965296;-115.1026688;;;
2023-11-29T02:00:00.000Z;0.138;13.0;20.0;955.7;36.1965296;-115.1026688;;;
2023-11-29T01:59:00.000Z;0.16;13.0;20.0;955.6;36.1965296;-115.1026688;;;
2023-11-29T01:58:00.000Z;0.131;13.0;20.0;955.7;36.1965296;-115.1026688;;;
2023-11-29T01:57:00.000Z;0.148;13.0;21.0;955.7;36.1965296;-115.1026688;;;
2023-11-29T01:56:00.000Z;0.151;13.0;20.0;955.7;36.1965296;-115.1026688;;;
2023-11-29T01:55:00.000Z;0.169;13.0;20.0;955.7;36.1965296;-115.1026688;9.0;19.0;30.0
2023-11-29T01:54:00.000Z;0.193;13.0;20.0;955.7;36.1963762;-115.1029944;;;
2023-11-29T01:53:00.000Z;0.191;13.0;20.0;955.7;36.1963762;-115.1029944;;;
2023-11-29T01:52:00.000Z;0.155;13.0;20.0;955.7;36.1963762;-115.1029944;;;
2023-11-29T01:51:00.000Z;0.157;13.0;21.0;955.7;36.1963762;-115.1029944;;;
2023-11-29T01:50:00.000Z;0.156;13.0;20.0;955.7;36.1963762;-115.1029944;;;
2023-11-29T01:49:00.000Z;0.153;13.0;20.0;955.7;36.1963762;-115.1029944;;;
2023-11-29T01:48:00.000Z;0.169;13.0;20.0;955.7;36.1963762;-115.1029944;;;
2023-11-29T01:47:00.000Z;0.154;13.0;20.0;955.6;36.1963762;-115.1029944;;;
2023-11-29T01:46:00.000Z;0.155;13.0;19.0;955.7;36.1963762;-115.1029944;;;
2023-11-29T01:45:00.000Z;0.151;13.0;19.0;955.6;36.1963762;-115.1029944;;;
2023-11-29T01:44:00.000Z;0.178;13.0;19.0;955.7;36.1963762;-115.1029944;7.0;9.0;10.0
2023-11-29T01:43:00.000Z;0.206;13.0;20.0;955.7;36.1963762;-115.1029944;;;
2023-11-29T01:42:00.000Z;0.172;13.0;19.0;955.7;36.1963762;-115.1029944;;;
2023-11-29T01:41:00.000Z;0.211;13.0;19.0;955.7;36.1963762;-115.1029944;;;
2023-11-29T01:40:00.000Z;0.184;13.0;19.0;955.6;36.1963762;-115.1029944;;;
2023-11-29T01:39:00.000Z;0.151;14.0;18.0;955.7;36.1963762;-115.1029944;;;
2023-11-29T01:38:00.000Z;0.161;14.0;18.0;955.6;36.1963762;-115.1029944;;;
2023-11-29T01:37:00.000Z;0.172;14.0;18.0;955.6;36.1963762;-115.1029944;;;
2023-11-29T01:36:00.000Z;0.169;14.0;18.0;955.7;36.1963762;-115.1029944;;;
2023-11-29T01:35:00.000Z;0.185;14.0;18.0;955.7;36.1963762;-115.1029944;;;
2023-11-29T01:34:00.000Z;0.208;14.0;18.0;955.7;36.1963762;-115.1029944;;;
2023-11-29T01:33:00.000Z;0.238;14.0;18.0;955.7;36.1963762;-115.1029944;6.0;8.0;10.0
2023-11-29T01:32:00.000Z;0.288;14.0;18.0;955.7;36.1963762;-115.1029944;;;
2023-11-29T01:31:00.000Z;0.305;14.0;18.0;955.8;36.1963825;-115.1030369;;;
2023-11-29T01:30:00.000Z;0.334;14.0;18.0;955.7;36.1964581;-115.1027381;;;
2023-11-29T01:29:00.000Z;0.591;14.0;18.0;955.7;36.1964581;-115.1027381;;;
2023-11-29T01:28:00.000Z;0.347;14.0;18.0;955.8;36.1964581;-115.1027381;;;
2023-11-29T01:27:00.000Z;0.493;14.0;19.0;955.7;36.1964581;-115.1027381;;;
2023-11-29T01:26:00.000Z;0.42;14.0;18.0;955.7;36.1964581;-115.1027381;;;
2023-11-29T01:25:00.000Z;0.285;14.0;18.0;955.7;36.1964581;-115.1027381;;;
2023-11-29T01:24:00.000Z;0.27;14.0;18.0;955.7;36.1964581;-115.1027381;;;
2023-11-29T01:23:00.000Z;0.241;14.0;17.0;955.7;36.1964581;-115.1027381;;;
2023-11-29T01:22:00.000Z;0.284;14.0;18.0;955.7;36.1964581;-115.1027381;4.0;6.0;8.0
2023-11-29T01:21:00.000Z;0.488;14.0;17.0;955.7;36.1964581;-115.1027381;;;
2023-11-29T01:20:00.000Z;0.378;14.0;17.0;955.7;36.1964581;-115.1027381;;;
2023-11-29T01:19:00.000Z;0.343;14.0;17.0;955.7;36.1964581;-115.1027381;;;
2023-11-29T01:18:00.000Z;0.316;14.0;17.0;955.7;36.1964581;-115.1027381;;;
2023-11-29T01:17:00.000Z;0.273;14.0;17.0;955.7;36.1964581;-115.1027381;;;
2023-11-29T01:16:00.000Z;0.33;14.0;17.0;955.7;36.1964581;-115.1027381;;;
2023-11-29T01:15:00.000Z;0.341;14.0;17.0;955.7;36.1963343;-115.1030095;;;
2023-11-29T01:14:00.000Z;0.366;14.0;18.0;955.6;36.1963343;-115.1030095;;;
2023-11-29T01:13:00.000Z;0.403;15.0;16.0;955.7;36.1963343;-115.1030095;;;
2023-11-29T01:12:00.000Z;0.345;14.0;17.0;955.7;36.1963343;-115.1030095;;;
2023-11-29T01:11:00.000Z;0.406;14.0;17.0;955.7;36.1963343;-115.1030095;;;
2023-11-29T01:10:00.000Z;0.538;14.0;17.0;955.7;36.1963343;-115.1030095;3.0;5.0;7.0
2023-11-29T01:09:00.000Z;0.313;14.0;17.0;955.7;36.1963343;-115.1030095;;;
2023-11-29T01:08:00.000Z;0.376;15.0;16.0;955.7;36.1963343;-115.1030095;;;
2023-11-29T01:07:00.000Z;0.53;15.0;16.0;955.7;36.1963343;-115.1030095;;;
2023-11-29T01:06:00.000Z;0.749;15.0;16.0;955.7;36.1963343;-115.1030095;;;
2023-11-29T01:05:00.000Z;0.702;15.0;16.0;955.7;36.1963343;-115.1030095;;;
2023-11-29T01:04:00.000Z;0.601;15.0;16.0;955.7;36.1963343;-115.1030095;;;
2023-11-29T01:03:00.000Z;0.458;15.0;16.0;955.7;36.1963343;-115.1030095;;;
2023-11-29T01:02:00.000Z;0.47;15.0;16.0;955.8;36.1963343;-115.1030095;;;
2023-11-29T01:01:00.000Z;0.449;15.0;16.0;955.7;36.1963343;-115.1030095;;;
2023-11-29T01:00:00.000Z;0.319;15.0;16.0;955.7;36.1963343;-115.1030095;;;
2023-11-29T00:59:00.000Z;0.811;15.0;16.0;955.7;36.1963343;-115.1030095;4.0;6.0;7.0
2023-11-29T00:58:00.000Z;1.245;15.0;16.0;955.8;36.1963343;-115.1030095;;;
2023-11-29T00:57:00.000Z;1.332;15.0;16.0;955.8;36.1963343;-115.1030095;;;
2023-11-29T00:56:00.000Z;0.802;15.0;16.0;955.8;36.1963343;-115.1030095;;;
2023-11-29T00:55:00.000Z;0.472;15.0;15.0;955.8;36.1963343;-115.1030095;;;
2023-11-29T00:54:00.000Z;0.361;15.0;15.0;955.7;36.1963343;-115.1030095;;;
2023-11-29T00:53:00.000Z;0.337;15.0;15.0;955.7;36.1963343;-115.1030095;;;
2023-11-29T00:52:00.000Z;0.303;15.0;15.0;955.7;36.1963343;-115.1030095;;;
2023-11-29T00:51:00.000Z;0.304;15.0;15.0;955.7;36.1963343;-115.1030095;;;
2023-11-29T00:50:00.000Z;0.263;15.0;15.0;955.7;36.1963343;-115.1030095;;;
2023-11-29T00:49:00.000Z;0.258;15.0;15.0;955.8;36.1963739;-115.1028734;;;
2023-11-29T00:48:00.000Z;0.311;15.0;15.0;955.7;36.1963739;-115.1028734;2.0;4.0;5.0
2023-11-29T00:47:00.000Z;0.334;15.0;15.0;955.7;36.1963739;-115.1028734;;;
2023-11-29T00:46:00.000Z;0.319;15.0;15.0;955.7;36.1963739;-115.1028734;;;
2023-11-29T00:45:00.000Z;0.323;15.0;15.0;955.7;36.1963739;-115.1028734;;;
2023-11-29T00:44:00.000Z;0.312;15.0;15.0;955.7;36.1963739;-115.1028734;;;
2023-11-29T00:43:00.000Z;0.293;15.0;15.0;955.7;36.1963739;-115.1028734;;;
2023-11-29T00:42:00.000Z;0.283;15.0;15.0;955.6;36.1963739;-115.1028734;;;
2023-11-29T00:41:00.000Z;0.276;15.0;15.0;955.7;36.1963739;-115.1028734;;;
2023-11-29T00:40:00.000Z;0.27;15.0;15.0;955.8;36.1963739;-115.1028734;;;
2023-11-29T00:39:00.000Z;0.268;15.0;15.0;955.7;36.1963739;-115.1028734;;;
2023-11-29T00:38:00.000Z;0.239;15.0;15.0;955.7;36.1963739;-115.1028734;;;
2023-11-29T00:37:00.000Z;0.292;15.0;15.0;955.7;36.1963739;-115.1028734;5.0;14.0;24.0
2023-11-29T00:36:00.000Z;0.28;15.0;15.0;955.7;36.1963739;-115.1028734;;;
2023-11-29T00:35:00.000Z;0.293;15.0;15.0;955.8;36.1963739;-115.1028734;;;
2023-11-29T00:34:00.000Z;0.296;16.0;14.0;955.8;36.1963929;-115.1027801;;;
2023-11-29T00:33:00.000Z;0.29;16.0;14.0;955.8;36.1963654;-115.1029891;;;
2023-11-29T00:32:00.000Z;0.291;16.0;14.0;955.7;36.1964618;-115.1027755;;;
2023-11-29T00:31:00.000Z;0.29;16.0;14.0;955.8;36.1965017;-115.1026675;;;
2023-11-29T00:30:00.000Z;0.26;16.0;14.0;955.7;36.1963573;-115.1030307;;;
2023-11-29T00:29:00.000Z;0.282;16.0;14.0;955.7;36.1966728;-115.1025644;;;
2023-11-29T00:28:00.000Z;0.235;16.0;14.0;955.7;36.1966728;-115.1025644;;;
2023-11-29T00:27:00.000Z;0.219;16.0;14.0;955.7;36.1966728;-115.1025644;;;
2023-11-29T00:26:00.000Z;0.304;16.0;14.0;955.7;36.1966728;-115.1025644;2.0;4.0;5.0
2023-11-29T00:25:00.000Z;0.303;16.0;14.0;955.7;36.1966728;-115.1025644;;;
2023-11-29T00:24:00.000Z;0.309;16.0;14.0;955.7;36.1966728;-115.1025644;;;
2023-11-29T00:23:00.000Z;0.319;16.0;14.0;955.7;36.196512;-115.1026157;;;
2023-11-29T00:22:00.000Z;0.312;16.0;14.0;955.6;36.1964888;-115.1025984;;;
2023-11-29T00:21:00.000Z;0.318;16.0;14.0;955.6;36.196498;-115.1026194;;;
2023-11-29T00:20:00.000Z;0.286;16.0;14.0;955.6;36.1965788;-115.1026403;;;
2023-11-29T00:19:00.000Z;0.207;16.0;14.0;955.7;36.1965434;-115.1026039;;;
2023-11-29T00:18:00.000Z;0.195;16.0;14.0;955.6;36.1965434;-115.1026039;;;
2023-11-29T00:17:00.000Z;0.205;16.0;14.0;955.7;36.1965434;-115.1026039;;;
2023-11-29T00:16:00.000Z;0.181;16.0;14.0;955.6;36.1965434;-115.1026039;;;
2023-11-29T00:15:00.000Z;0.19;16.0;14.0;955.7;36.1965434;-115.1026039;3.0;4.0;6.0
2023-11-29T00:14:00.000Z;0.227;16.0;14.0;955.6;36.1965434;-115.1026039;;;
2023-11-29T00:13:00.000Z;0.194;16.0;14.0;955.7;36.1965434;-115.1026039;;;
2023-11-29T00:12:00.000Z;0.196;17.0;13.0;955.6;36.1965434;-115.1026039;;;
2023-11-29T00:11:00.000Z;0.204;17.0;13.0;955.6;36.1965434;-115.1026039;;;
2023-11-29T00:10:00.000Z;0.217;17.0;13.0;955.7;36.1965434;-115.1026039;;;
2023-11-29T00:09:00.000Z;0.183;17.0;13.0;955.7;36.1965434;-115.1026039;;;
2023-11-29T00:08:00.000Z;0.18;17.0;13.0;955.7;36.1965434;-115.1026039;;;
2023-11-29T00:07:00.000Z;0.175;17.0;13.0;955.7;36.1965434;-115.1026039;;;
2023-11-29T00:06:00.000Z;0.174;17.0;13.0;955.6;36.1965434;-115.1026039;;;
2023-11-29T00:05:00.000Z;0.149;17.0;13.0;955.7;36.1965434;-115.1026039;;;
2023-11-29T00:04:00.000Z;0.171;17.0;13.0;955.7;36.1965434;-115.1026039;1.0;3.0;3.0
2023-11-29T00:03:00.000Z;0.238;17.0;13.0;955.7;36.1965434;-115.1026039;;;
2023-11-29T00:02:00.000Z;0.221;17.0;13.0;955.7;36.1965434;-115.1026039;;;
2023-11-29T00:01:00.000Z;0.229;17.0;13.0;955.6;36.1965434;-115.1026039;;;
2023-11-29T00:00:00.000Z;0.236;17.0;13.0;955.7;36.1965434;-115.1026039;;;
2023-11-28T23:59:00.000Z;0.218;17.0;13.0;955.7;36.1965434;-115.1026039;;;
2023-11-28T23:58:00.000Z;0.21;18.0;13.0;955.7;36.1965434;-115.1026039;;;
2023-11-28T23:57:00.000Z;0.23;18.0;13.0;955.7;36.1965434;-115.1026039;;;
2023-11-28T23:56:00.000Z;0.218;18.0;13.0;955.6;36.1965434;-115.1026039;;;
2023-11-28T23:55:00.000Z;0.179;18.0;13.0;955.7;36.1965434;-115.1026039;;;
2023-11-28T23:54:00.000Z;0.154;18.0;13.0;955.7;36.1965434;-115.1026039;;;
2023-11-28T23:53:00.000Z;0.19;18.0;12.0;955.7;36.1965434;-115.1026039;4.0;5.0;6.0
2023-11-28T23:52:00.000Z;0.223;18.0;13.0;955.6;36.1965434;-115.1026039;;;
2023-11-28T23:51:00.000Z;0.241;18.0;13.0;955.7;36.1965434;-115.1026039;;;
2023-11-28T23:50:00.000Z;0.253;18.0;13.0;955.7;36.1965434;-115.1026039;;;
2023-11-28T23:49:00.000Z;0.256;18.0;13.0;955.7;36.1965434;-115.1026039;;;
2023-11-28T23:48:00.000Z;0.243;18.0;13.0;955.7;36.1965434;-115.1026039;;;
2023-11-28T23:47:00.000Z;0.226;19.0;12.0;955.7;36.1965434;-115.1026039;;;
2023-11-28T23:46:00.000Z;0.258;19.0;12.0;955.7;36.1965434;-115.1026039;;;
2023-11-28T23:45:00.000Z;0.215;19.0;12.0;955.8;36.1965434;-115.1026039;;;
2023-11-28T23:44:00.000Z;0.214;19.0;12.0;955.7;36.1965434;-115.1026039;;;
2023-11-28T23:43:00.000Z;0.219;19.0;12.0;955.8;36.1965434;-115.1026039;;;
2023-11-28T23:42:00.000Z;0.243;19.0;12.0;955.8;36.1965434;-115.1026039;1.0;2.0;4.0
2023-11-28T23:41:00.000Z;0.307;19.0;12.0;955.7;36.1965434;-115.1026039;;;
2023-11-28T23:40:00.000Z;0.329;19.0;12.0;955.8;36.1965434;-115.1026039;;;
2023-11-28T23:39:00.000Z;0.349;19.0;12.0;955.8;36.1965434;-115.1026039;;;
2023-11-28T23:38:00.000Z;0.295;19.0;12.0;955.8;36.1965434;-115.1026039;;;
2023-11-28T23:37:00.000Z;0.291;19.0;12.0;955.8;36.1965434;-115.1026039;;;
2023-11-28T23:36:00.000Z;0.318;19.0;12.0;955.8;36.1965434;-115.1026039;;;
2023-11-28T23:35:00.000Z;0.319;19.0;12.0;955.8;36.1965434;-115.1026039;;;
2023-11-28T23:34:00.000Z;0.284;19.0;12.0;955.8;36.1965434;-115.1026039;;;
2023-11-28T23:33:00.000Z;0.255;19.0;12.0;955.7;36.1965434;-115.1026039;;;
2023-11-28T23:32:00.000Z;0.228;19.0;12.0;955.8;36.1965434;-115.1026039;;;
2023-11-28T23:31:00.000Z;0.221;18.0;13.0;955.8;36.1965434;-115.1026039;1.0;3.0;4.0
2023-11-28T23:30:00.000Z;0.286;18.0;13.0;955.8;36.1965434;-115.1026039;;;
2023-11-28T23:29:00.000Z;0.307;18.0;13.0;955.8;36.1965434;-115.1026039;;;
2023-11-28T23:28:00.000Z;0.251;18.0;13.0;955.8;36.1965434;-115.1026039;;;
2023-11-28T23:27:00.000Z;0.228;18.0;13.0;955.8;36.1965434;-115.1026039;;;
2023-11-28T23:26:00.000Z;0.268;18.0;13.0;955.8;36.1965434;-115.1026039;;;
2023-11-28T23:25:00.000Z;0.255;18.0;13.0;955.8;36.1965434;-115.1026039;;;
2023-11-28T23:24:00.000Z;0.289;18.0;13.0;955.9;36.1965434;-115.1026039;;;
2023-11-28T23:23:00.000Z;0.255;18.0;13.0;955.8;36.1965434;-115.1026039;;;
2023-11-28T23:22:00.000Z;0.231;18.0;13.0;955.9;36.1965434;-115.1026039;;;
2023-11-28T23:21:00.000Z;0.179;18.0;13.0;955.9;36.1965434;-115.1026039;;;
2023-11-28T23:20:00.000Z;0.194;18.0;13.0;955.8;36.1965434;-115.1026039;1.0;2.0;3.0
2023-11-28T23:19:00.000Z;0.247;18.0;13.0;956.0;36.1965434;-115.1026039;;;
2023-11-28T23:18:00.000Z;0.258;18.0;13.0;955.9;36.1965434;-115.1026039;;;
2023-11-28T23:17:00.000Z;0.268;18.0;13.0;956.0;36.1965434;-115.1026039;;;
2023-11-28T23:16:00.000Z;0.241;18.0;13.0;956.0;36.1965434;-115.1026039;;;
2023-11-28T23:15:00.000Z;0.221;18.0;13.0;956.0;36.1965434;-115.1026039;;;
2023-11-28T23:14:00.000Z;0.232;18.0;13.0;956.0;36.1965434;-115.1026039;;;
2023-11-28T23:13:00.000Z;0.217;18.0;13.0;956.0;36.1965434;-115.1026039;;;
2023-11-28T23:12:00.000Z;0.211;18.0;13.0;956.0;36.1965434;-115.1026039;;;
2023-11-28T23:11:00.000Z;0.22;18.0;13.0;956.0;36.1965434;-115.1026039;;;
2023-11-28T23:10:00.000Z;0.202;18.0;13.0;956.0;36.1965434;-115.1026039;;;
2023-11-28T23:09:00.000Z;0.214;18.0;13.0;956.0;36.1965434;-115.1026039;1.0;2.0;3.0
2023-11-28T23:08:00.000Z;0.284;18.0;13.0;956.0;36.1965434;-115.1026039;;;
2023-11-28T23:07:00.000Z;0.293;18.0;13.0;956.0;36.1965434;-115.1026039;;;
2023-11-28T23:06:00.000Z;0.271;18.0;13.0;956.0;36.1965434;-115.1026039;;;
2023-11-28T23:05:00.000Z;0.28;18.0;13.0;956.1;36.1965434;-115.1026039;;;
2023-11-28T23:04:00.000Z;0.257;18.0;13.0;956.0;36.1965434;-115.1026039;;;
2023-11-28T23:03:00.000Z;0.279;18.0;13.0;956.0;36.1965434;-115.1026039;;;
2023-11-28T23:02:00.000Z;0.314;18.0;13.0;956.0;36.1965434;-115.1026039;;;
2023-11-28T23:01:00.000Z;0.232;18.0;12.0;956.1;36.1965434;-115.1026039;;;
2023-11-28T23:00:00.000Z;0.205;18.0;12.0;956.0;36.1965434;-115.1026039;;;
2023-11-28T22:59:00.000Z;0.162;18.0;12.0;956.1;36.1965434;-115.1026039;;;
2023-11-28T22:58:00.000Z;0.165;18.0;12.0;956.1;36.1965434;-115.1026039;;;
2023-11-28T22:57:00.000Z;0.212;18.0;12.0;956.1;36.1965434;-115.1026039;1.0;3.0;5.0
2023-11-28T22:56:00.000Z;0.22;19.0;12.0;956.2;36.1966112;-115.102819;;;
2023-11-28T22:55:00.000Z;0.228;19.0;12.0;956.1;36.1966112;-115.102819;;;
2023-11-28T22:54:00.000Z;0.249;19.0;12.0;956.1;36.1966112;-115.102819;;;
2023-11-28T22:53:00.000Z;0.256;19.0;12.0;956.1;36.1966112;-115.102819;;;
2023-11-28T22:52:00.000Z;0.223;19.0;12.0;956.0;36.1966112;-115.102819;;;
2023-11-28T22:51:00.000Z;0.256;19.0;12.0;956.0;36.1963326;-115.1029749;;;
2023-11-28T22:50:00.000Z;0.266;19.0;12.0;956.1;36.1963326;-115.1029749;;;
2023-11-28T22:49:00.000Z;0.221;19.0;12.0;956.1;36.1963326;-115.1029749;;;
2023-11-28T22:48:00.000Z;0.179;19.0;12.0;956.2;36.1963326;-115.1029749;;;
2023-11-28T22:47:00.000Z;0.163;18.0;12.0;956.2;36.1963326;-115.1029749;;;
2023-11-28T22:46:00.000Z;0.198;18.0;12.0;956.1;36.196434;-115.1027593;1.0;3.0;4.0
2023-11-28T22:45:00.000Z;0.245;19.0;12.0;956.2;36.196434;-115.1027593;;;
2023-11-28T22:44:00.000Z;0.279;18.0;13.0;956.2;36.196434;-115.1027593;;;
2023-11-28T22:43:00.000Z;0.256;18.0;13.0;956.2;36.196434;-115.1027593;;;
2023-11-28T22:42:00.000Z;0.239;18.0;13.0;956.2;36.196434;-115.1027593;;;
2023-11-28T22:41:00.000Z;0.2;18.0;12.0;956.3;36.196434;-115.1027593;;;
2023-11-28T22:40:00.000Z;0.212;18.0;12.0;956.2;36.196434;-115.1027593;;;
2023-11-28T22:39:00.000Z;0.212;19.0;12.0;956.2;36.196434;-115.1027593;;;
2023-11-28T22:38:00.000Z;0.266;18.0;12.0;956.3;36.196434;-115.1027593;;;
2023-11-28T22:37:00.000Z;0.233;18.0;13.0;956.3;36.196434;-115.1027593;;;
2023-11-28T22:36:00.000Z;0.205;18.0;13.0;956.3;36.196434;-115.1027593;;;
2023-11-28T22:35:00.000Z;0.258;18.0;13.0;956.3;36.196434;-115.1027593;1.0;2.0;4.0
2023-11-28T22:34:00.000Z;0.248;18.0;12.0;956.3;36.196434;-115.1027593;;;
2023-11-28T22:33:00.000Z;0.251;18.0;12.0;956.3;36.196434;-115.1027593;;;
2023-11-28T22:32:00.000Z;0.309;18.0;13.0;956.3;36.196434;-115.1027593;;;
2023-11-28T22:31:00.000Z;0.253;18.0;13.0;956.3;36.196434;-115.1027593;;;
2023-11-28T22:30:00.000Z;0.275;18.0;13.0;956.3;36.196434;-115.1027593;;;
2023-11-28T22:29:00.000Z;0.248;18.0;12.0;956.3;36.196434;-115.1027593;;;
2023-11-28T22:28:00.000Z;0.206;18.0;12.0;956.3;36.196434;-115.1027593;;;
2023-11-28T22:27:00.000Z;0.169;18.0;12.0;956.3;36.196434;-115.1027593;;;
2023-11-28T22:26:00.000Z;0.162;18.0;12.0;956.3;36.196434;-115.1027593;;;
2023-11-28T22:25:00.000Z;0.167;17.0;13.0;956.3;36.196434;-115.1027593;;;
2023-11-28T22:24:00.000Z;0.202;17.0;13.0;956.3;36.196434;-115.1027593;1.0;3.0;4.0
2023-11-28T22:23:00.000Z;0.199;18.0;12.0;956.3;36.196434;-115.1027593;;;
2023-11-28T22:22:00.000Z;0.194;18.0;12.0;956.4;36.196434;-115.1027593;;;
2023-11-28T22:21:00.000Z;0.206;18.0;12.0;956.3;36.196434;-115.1027593;;;
2023-11-28T22:20:00.000Z;0.22;18.0;12.0;956.3;36.1965845;-115.1028913;;;
2023-11-28T22:19:00.000Z;0.243;18.0;12.0;956.3;36.1965845;-115.1028913;;;
2023-11-28T22:18:00.000Z;0.247;18.0;12.0;956.5;36.1965845;-115.1028913;;;
2023-11-28T22:17:00.000Z;0.247;18.0;12.0;956.4;36.1965845;-115.1028913;;;
2023-11-28T22:16:00.000Z;0.227;18.0;12.0;956.4;36.1965845;-115.1028913;;;
2023-11-28T22:15:00.000Z;0.223;18.0;12.0;956.4;36.1965845;-115.1028913;;;
2023-11-28T22:14:00.000Z;0.194;18.0;12.0;956.4;36.1965845;-115.1028913;;;
2023-11-28T22:13:00.000Z;0.224;18.0;12.0;956.4;36.1968597;-115.1026662;1.0;3.0;4.0
2023-11-28T22:12:00.000Z;0.245;18.0;12.0;956.5;36.1967568;-115.1028613;;;
2023-11-28T22:11:00.000Z;0.256;18.0;12.0;956.4;36.1964883;-115.1028477;;;
2023-11-28T22:10:00.000Z;0.274;18.0;12.0;956.5;36.1968893;-115.102663;;;
2023-11-28T22:09:00.000Z;0.224;18.0;12.0;956.5;36.1966231;-115.1026219;;;
2023-11-28T22:08:00.000Z;0.292;19.0;11.0;956.4;36.1965933;-115.1026046;;;
2023-11-28T22:07:00.000Z;0.308;19.0;11.0;956.4;36.1965933;-115.1026046;;;
2023-11-28T22:06:00.000Z;0.346;19.0;11.0;956.5;36.1965933;-115.1026046;;;
2023-11-28T22:05:00.000Z;0.343;19.0;11.0;956.6;36.1966703;-115.1028828;;;
2023-11-28T22:04:00.000Z;0.322;19.0;11.0;956.6;36.1966706;-115.1028833;;;
2023-11-28T22:03:00.000Z;0.29;19.0;11.0;956.6;36.1651685;-115.1045801;;;
2023-11-28T22:02:00.000Z;0.362;19.0;11.0;956.6;36.1651685;-115.1045801;1.0;3.0;4.0
2023-11-28T22:01:00.000Z;0.71;19.0;12.0;956.6;36.1651685;-115.1045801;;;
2023-11-28T22:00:00.000Z;0.874;19.0;12.0;956.6;36.1651685;-115.1045801;;;
2023-11-28T21:59:00.000Z;0.81;19.0;12.0;956.6;36.1651685;-115.1045801;;;
2023-11-28T21:58:00.000Z;0.943;20.0;11.0;956.7;36.1651685;-115.1045801;;;
2023-11-28T21:57:00.000Z;0.916;20.0;11.0;956.7;36.1651685;-115.1045801;;;
2023-11-28T21:56:00.000Z;0.345;20.0;10.0;956.7;36.1651685;-115.1045801;;;
2023-11-28T21:55:00.000Z;0.339;20.0;10.0;956.7;36.1651685;-115.1045801;;;
2023-11-28T21:54:00.000Z;0.355;20.0;10.0;956.8;36.1651685;-115.1045801;;;
2023-11-28T21:53:00.000Z;0.411;21.0;10.0;956.7;36.1651685;-115.1045801;;;
2023-11-28T21:52:00.000Z;0.342;21.0;10.0;956.7;36.1651685;-115.1045801;;;
2023-11-28T21:51:00.000Z;0.556;21.0;10.0;956.7;36.1651685;-115.1045801;1.0;3.0;4.0
2023-11-28T21:50:00.000Z;0.817;21.0;10.0;956.8;36.1651685;-115.1045801;;;
2023-11-28T21:49:00.000Z;0.93;22.0;10.0;956.7;36.1651685;-115.1045801;;;
2023-11-28T21:48:00.000Z;0.586;22.0;9.0;956.7;36.1651685;-115.1045801;;;
2023-11-28T21:47:00.000Z;0.599;23.0;9.0;956.8;36.1651685;-115.1045801;;;
2023-11-28T21:46:00.000Z;1.018;24.0;8.0;956.7;36.1651685;-115.1045801;;;
2023-11-28T21:45:00.000Z;1.144;25.0;9.0;956.8;36.1651685;-115.1045801;;;
2023-11-28T21:44:00.000Z;1.417;25.0;10.0;956.8;36.1651685;-115.1045801;;;
2023-11-28T21:43:00.000Z;2.152;25.0;14.0;956.8;36.1651685;-115.1045801;;;
2023-11-28T21:42:00.000Z;2.614;;;956.9;36.1651685;-115.1045801;;;
2023-11-28T21:41:00.000Z;2.01;;;956.9;36.1651685;-115.1045801;;;
2023-11-28T21:40:00.000Z;1.964;;;956.9;36.1651685;-115.1045801;1.0;2.0;3.0
2023-11-28T21:39:00.000Z;4.664;;;956.9;36.1651685;-115.1045801;;;
2023-11-28T21:38:00.000Z;4.468;;;956.9;36.1651685;-115.1045801;;;
2023-11-28T21:37:00.000Z;4.291;;;957.0;36.1651685;-115.1045801;;;
2023-11-28T21:36:00.000Z;3.931;;;957.0;36.1651685;-115.1045801;;;
2023-11-28T21:35:00.000Z;3.76;;;957.0;36.1651685;-115.1045801;;;
2023-11-28T21:34:00.000Z;3.577;;;957.0;36.1651685;-115.1045801;;;
2023-11-28T21:33:00.000Z;3.092;;;957.0;36.1651685;-115.1045801;;;
2023-11-28T21:32:00.000Z;2.457;;;957.0;36.1651685;-115.1045801;;;
2023-11-28T21:31:00.000Z;2.188;;;957.0;36.1651685;-115.1045801;;;
2023-11-28T21:30:00.000Z;1.81;;;957.3;36.1651685;-115.1045801;;;
2023-11-28T21:29:00.000Z;1.645;;;957.0;36.1651685;-115.1045801;1.0;3.0;5.0
2023-11-28T21:28:00.000Z;2.354;;;956.9;36.1651685;-115.1045801;;;
2023-11-28T21:27:00.000Z;2.261;;;957.5;36.1651685;-115.1045801;;;
2023-11-28T21:26:00.000Z;2.116;;;956.6;36.1651685;-115.1045801;;;
2023-11-28T21:25:00.000Z;1.84;;;956.9;36.1651685;-115.1045801;;;
2023-11-28T21:24:00.000Z;1.657;;;956.8;36.1651685;-115.1045801;;;
2023-11-28T21:23:00.000Z;1.173;;;957.9;36.1651685;-115.1045801;;;
2023-11-28T21:22:00.000Z;0.948;;;957.9;36.1651685;-115.1045801;2.0;3.0;4.0
2023-11-28T21:21:00.000Z;1.042;;;956.7;36.1581139;-115.1054722;1.0;2.0;3.0
2023-11-28T21:20:00.000Z;1.255;;;956.6;36.1551737;-115.1054748;1.0;2.0;4.0
2023-11-28T21:19:00.000Z;1.567;;;956.4;36.1515271;-115.1054672;1.0;2.0;3.0
2023-11-28T21:18:00.000Z;2.247;;;957.57;36.148521;-115.1055957;;;
2023-11-28T21:17:00.000Z;2.339;17.0;36.0;957.48;36.1540095;-115.1054719;9.0;34.0;65.0
2023-11-28T21:16:00.000Z;2.332;17.0;22.0;956.89;36.1540095;-115.1054719;1.0;1.0;2.0
